"http://i2.ztat.net/catalog/N1/24/2A/0K/ZQ/11/N1242A0KZ-Q11@3.jpg","Nike Performance - AIR MAX 2014 - Scarpe da running ammortizzate - nero","€ 190,00"
"http://i2.ztat.net/catalog/N1/24/2A/0H/EG/11/N1242A0HE-G11@7.jpg","Nike Performance - DUAL FUSION LITE - Scarpe da running ammortizzate - rosso","€ 75,00"
"http://i2.ztat.net/catalog/N1/24/1A/08/VC/12/N1241A08V-C12@3.jpg","Nike Performance - FLEX EXPERIENCE RUN 2 - Scarpe da corsa leggere - grigio","€ 70,00"
"http://i1.ztat.net/catalog/N1/24/1A/06/NM/12/N1241A06N-M12@7.1.jpg","Nike Performance - FREE 5.0+ - Scarpe da corsa leggere - verde","€ 115,00"
"http://i2.ztat.net/catalog/N1/24/2A/0B/IC/12/N1242A0BI-C12@3.jpg","Nike Performance - FS LITE - Scarpe da corsa leggere - grigio","€ 80,00"
"http://i1.ztat.net/catalog/N1/24/2A/0B/IC/11/N1242A0BI-C11@3.1.jpg","Nike Performance - FS LITE - Scarpe da corsa leggere - grigio","€ 80,00"
"http://i2.ztat.net/catalog/N1/24/2A/0K/ZQ/12/N1242A0KZ-Q12@7.jpg","Nike Performance - AIR MAX 2014 - Scarpe da running ammortizzate - grigio","€ 190,00"
"http://i2.ztat.net/catalog/N1/24/1A/06/LG/11/N1241A06L-G11@7.jpg","Nike Performance - FREE 4.0 - Scarpe da corsa leggere - malva","€ 110,00"
"http://i2.ztat.net/catalog/N1/24/1A/07/QC/12/N1241A07Q-C12@7.jpg","Nike Performance - DUAL FUSION LITE - Scarpe da running ammortizzate - grigio","€ 75,00"
"http://i1.ztat.net/catalog/N1/24/2A/0H/FC/11/N1242A0HF-C11@6.jpg","Nike Performance - FLEX EXPERIENCE RUN 2 - Scarpe da running ammortizzate - grigio","€ 70,00"
"http://i2.ztat.net/catalog/AS/14/2A/07/CA/11/AS142A07C-A11@5.jpg","ASICS - PATRIOT 6 - Scarpe da running ammortizzate - bianco","€ 55,00"
"http://i2.ztat.net/catalog/N1/24/2A/0F/GE/12/N1242A0FG-E12@7.jpg","Nike Performance - NIKE FREE 5.0+ - Scarpe da corsa leggere - giallo","€ 115,00"
"http://i1.ztat.net/catalog/N1/24/2A/0H/EH/11/N1242A0HE-H11@6.jpg","Nike Performance - DUAL FUSION LITE - Scarpe da running ammortizzate - grigio","€ 75,00"
"http://i1.ztat.net/catalog/N1/24/2A/0F/JC/11/N1242A0FJ-C11@2.jpg","Nike Performance - NIKE FREE 3.0 - Scarpa da corsa neutra - grigio","€ 125,00"
"http://i1.ztat.net/catalog/N1/24/2A/0K/ZK/12/N1242A0KZ-K12@2.jpg","Nike Performance - AIR MAX 2014 - Scarpe da running ammortizzate - blu","€ 190,00"
"http://i2.ztat.net/catalog/N1/24/1A/08/VA/11/N1241A08V-A11@7.jpg","Nike Performance - FLEX EXPERIENCE 2 - Scarpe da corsa leggere - bianco","€ 70,00"
"http://i1.ztat.net/catalog/AS/14/2A/07/C8/51/AS142A07C-851@1.1.jpg","ASICS - PATRIOT 6 - Scarpe da running ammortizzate - nero","€ 55,00"
"http://i2.ztat.net/catalog/N1/24/2A/0H/FA/11/N1242A0HF-A11@5.jpg","Nike Performance - NIKE FLEX EXPERIENCE RUN 2 - Scarpe da running ammortizzate - bianco","€ 70,00"
"http://i2.ztat.net/catalog/N1/24/2A/0K/ZA/11/N1242A0KZ-A11@7.jpg","Nike Performance - AIR MAX 2014 - Scarpe da running ammortizzate - bianco","€ 190,00"
"http://i2.ztat.net/catalog/N1/24/2A/0B/IE/11/N1242A0BI-E11@3.jpg","Nike Performance - FS LITE RUN - Scarpe da corsa leggere - giallo","€ 80,00"
"http://i1.ztat.net/catalog/N1/24/2A/0F/GI/11/N1242A0FG-I11@7.1.jpg","Nike Performance - FREE 5.0+ - Scarpe da corsa leggere - malva","€ 115,00"
"http://i1.ztat.net/catalog/AS/14/1A/06/WJ/11/AS141A06W-J11@14.1.jpg","ASICS - PATRIOT 6 - Scarpe da running ammortizzate - rosa","€ 55,00"
"http://i2.ztat.net/catalog/N1/24/2A/0H/DE/11/N1242A0HD-E11@3.jpg","Nike Performance - AIR MAX DEFY - Scarpe da running ammortizzate - giallo","€ 100,00"
"http://i1.ztat.net/catalog/AS/14/1A/06/WK/11/AS141A06W-K11@1.1.jpg","ASICS - PATRIOT 6 - Scarpe da running ammortizzate - bianco","€ 55,00"
"http://i2.ztat.net/catalog/N1/24/2A/0H/DK/11/N1242A0HD-K11@3.jpg","Nike Performance - AIR MAX DEFY - Scarpe da running ammortizzate - blu","€ 100,00"
"http://i2.ztat.net/catalog/PU/14/2A/05/PA/11/PU142A05P-A11@14.jpg","Puma - XENON - Scarpe da running ammortizzate - bianco","€ 40,00"
"http://i1.ztat.net/catalog/N1/24/2A/0H/CC/00/N1242A0HC-C00@1.1.jpg","Nike Performance - AIR PEGASUS+ 30 - Scarpe da running ammortizzate - grigio","€ 110,00"
"http://i1.ztat.net/catalog/AS/14/2A/07/CA/12/AS142A07C-A12@4.jpg","ASICS - PATRIOT 6 - Scarpe da running ammortizzate - bianco","€ 55,00"
"http://i2.ztat.net/catalog/N1/24/2A/0K/ZQ/11/N1242A0KZ-Q11@3.jpg","Nike Performance - AIR MAX 2014 - Scarpe da running ammortizzate - nero","€ 190,00"
"http://i2.ztat.net/catalog/N1/24/2A/0H/EG/11/N1242A0HE-G11@7.jpg","Nike Performance - DUAL FUSION LITE - Scarpe da running ammortizzate - rosso","€ 75,00"
"http://i2.ztat.net/catalog/N1/24/1A/08/VC/12/N1241A08V-C12@3.jpg","Nike Performance - FLEX EXPERIENCE RUN 2 - Scarpe da corsa leggere - grigio","€ 70,00"
"http://i1.ztat.net/catalog/N1/24/1A/06/NM/12/N1241A06N-M12@7.1.jpg","Nike Performance - FREE 5.0+ - Scarpe da corsa leggere - verde","€ 115,00"
"http://i2.ztat.net/catalog/N1/24/2A/0B/IC/12/N1242A0BI-C12@3.jpg","Nike Performance - FS LITE - Scarpe da corsa leggere - grigio","€ 80,00"
"http://i1.ztat.net/catalog/N1/24/2A/0B/IC/11/N1242A0BI-C11@3.1.jpg","Nike Performance - FS LITE - Scarpe da corsa leggere - grigio","€ 80,00"
"http://i2.ztat.net/catalog/N1/24/2A/0K/ZQ/12/N1242A0KZ-Q12@7.jpg","Nike Performance - AIR MAX 2014 - Scarpe da running ammortizzate - grigio","€ 190,00"
"http://i2.ztat.net/catalog/N1/24/1A/06/LG/11/N1241A06L-G11@7.jpg","Nike Performance - FREE 4.0 - Scarpe da corsa leggere - malva","€ 110,00"
"http://i2.ztat.net/catalog/N1/24/1A/07/QC/12/N1241A07Q-C12@7.jpg","Nike Performance - DUAL FUSION LITE - Scarpe da running ammortizzate - grigio","€ 75,00"
"http://i1.ztat.net/catalog/N1/24/2A/0H/FC/11/N1242A0HF-C11@6.jpg","Nike Performance - FLEX EXPERIENCE RUN 2 - Scarpe da running ammortizzate - grigio","€ 70,00"
"http://i2.ztat.net/catalog/AS/14/2A/07/CA/11/AS142A07C-A11@5.jpg","ASICS - PATRIOT 6 - Scarpe da running ammortizzate - bianco","€ 55,00"
"http://i2.ztat.net/catalog/N1/24/2A/0F/GE/12/N1242A0FG-E12@7.jpg","Nike Performance - NIKE FREE 5.0+ - Scarpe da corsa leggere - giallo","€ 115,00"
"http://i1.ztat.net/catalog/N1/24/2A/0H/EH/11/N1242A0HE-H11@6.jpg","Nike Performance - DUAL FUSION LITE - Scarpe da running ammortizzate - grigio","€ 75,00"
"http://i1.ztat.net/catalog/N1/24/2A/0F/JC/11/N1242A0FJ-C11@2.jpg","Nike Performance - NIKE FREE 3.0 - Scarpa da corsa neutra - grigio","€ 125,00"
"http://i1.ztat.net/catalog/N1/24/2A/0K/ZK/12/N1242A0KZ-K12@2.jpg","Nike Performance - AIR MAX 2014 - Scarpe da running ammortizzate - blu","€ 190,00"
"http://i2.ztat.net/catalog/N1/24/1A/08/VA/11/N1241A08V-A11@7.jpg","Nike Performance - FLEX EXPERIENCE 2 - Scarpe da corsa leggere - bianco","€ 70,00"
"http://i2.ztat.net/catalog/PU/14/3A/03/2A/11/PU143A032-A11@7.jpg","Puma - BALLESTA - Scarpe da pallamano - bianco","€ 35,00"
"http://i1.ztat.net/catalog/AS/14/2A/07/C8/51/AS142A07C-851@1.1.jpg","ASICS - PATRIOT 6 - Scarpe da running ammortizzate - nero","€ 55,00"
"http://i2.ztat.net/catalog/N1/24/2A/0H/FA/11/N1242A0HF-A11@5.jpg","Nike Performance - NIKE FLEX EXPERIENCE RUN 2 - Scarpe da running ammortizzate - bianco","€ 70,00"
"http://i2.ztat.net/catalog/N1/24/2A/0K/ZA/11/N1242A0KZ-A11@7.jpg","Nike Performance - AIR MAX 2014 - Scarpe da running ammortizzate - bianco","€ 190,00"
"http://i2.ztat.net/catalog/N1/24/2A/0B/IE/11/N1242A0BI-E11@3.jpg","Nike Performance - FS LITE RUN - Scarpe da corsa leggere - giallo","€ 80,00"
"http://i2.ztat.net/catalog/N1/24/2A/0K/ZK/11/N1242A0KZ-K11@3.jpg","Nike Performance - AIR MAX 2014 - Scarpe da running ammortizzate - blu","€ 190,00"
"http://i2.ztat.net/catalog/N1/24/2A/0H/FC/12/N1242A0HF-C12@5.jpg","Nike Performance - NIKE FLEX EXPERIENCE RUN 2 - Scarpe da running ammortizzate - grigio","€ 70,00"
"http://i2.ztat.net/catalog/AS/14/3A/01/IK/11/AS143A01I-K11@5.jpg","ASICS - GEL-GALAXY 7 - Scarpe da running ammortizzate - blu","€ 45,00"
"http://i2.ztat.net/catalog/N1/24/1A/09/9G/11/N1241A099-G11@1.jpg","Nike Performance - FS LITE RUN - Scarpe da corsa leggere - rosa","€ 80,00"
"http://i1.ztat.net/catalog/N1/24/2A/0F/J8/02/N1242A0FJ-802@1.1.jpg","Nike Performance - NIKE FREE 3.0 - Scarpe da corsa leggere - nero","€ 125,00"
"http://i1.ztat.net/catalog/N1/24/2A/01/IC/11/N1242A01I-C11@5.1.jpg","Nike Performance - KD VI - Scarpe da basket - grigio","€ 130,00"
"http://i2.ztat.net/catalog/N1/24/1A/06/LM/11/N1241A06L-M11@7.jpg","Nike Performance - FREE 4.0 V3 - Scarpe da corsa leggere - petrolio","€ 110,00"
"http://i2.ztat.net/catalog/N1/24/2A/0F/GQ/11/N1242A0FG-Q11@7.jpg","Nike Performance - FREE 5.0+ - Scarpe da corsa leggere - nero","€ 115,00"
"http://i1.ztat.net/catalog/AS/14/1A/06/W8/02/AS141A06W-802@1.1.jpg","ASICS - PATRIOT 6 - Scarpe da running ammortizzate - nero","€ 55,00"
"http://i2.ztat.net/catalog/N1/24/2A/0L/3G/11/N1242A0L3-G11@6.1.jpg","Nike Performance - AIR MAX RUN LITE 5 - Scarpe da running ammortizzate - rosso","€ 85,00"
"http://i1.ztat.net/catalog/N1/24/1A/09/9K/12/N1241A099-K12@2.2.jpg","Nike Performance - FS LITE RUN - Scarpe da corsa leggere - blu","€ 80,00"
"http://i2.ztat.net/catalog/AD/54/1A/0K/WA/11/AD541A0KW-A11@7.jpg","adidas Performance - ROADMACE - Scarpe da running ammortizzate - bianco","€ 50,00"
"http://i2.ztat.net/catalog/AD/54/1A/0K/LQ/11/AD541A0KL-Q11@14.jpg","adidas Performance - DURAMO 6 - Scarpe da running ammortizzate - nero","€ 70,00"
"http://i2.ztat.net/catalog/AD/54/2A/1B/9L/11/AD542A1B9-L11@7.jpg","adidas Performance - DURAMO 6 - Scarpe da running ammortizzate - turchese","€ 60,00"
"http://i2.ztat.net/catalog/N1/24/2A/0H/EQ/12/N1242A0HE-Q12@7.jpg","Nike Performance - DUAL FUSION LITE - Scarpe da running ammortizzate - nero","€ 75,00"
"http://i1.ztat.net/catalog/N1/24/2A/01/IE/11/N1242A01I-E11@6.jpg","Nike Performance - KD VI - Scarpe da basket - verde","€ 130,00"
"http://i2.ztat.net/catalog/AS/14/2A/07/BA/12/AS142A07B-A12@4.5.jpg","ASICS - GEL-PURSUIT - Scarpe da running ammortizzate - bianco","€ 70,00"
"http://i2.ztat.net/catalog/N1/24/1A/08/VQ/11/N1241A08V-Q11@4.1.jpg","Nike Performance - FLEX EXPERIENCE 2 - Scarpe da corsa leggere - nero","€ 70,00"
"http://i1.ztat.net/catalog/N1/24/2A/0L/1Q/12/N1242A0L1-Q12@1.1.jpg","Nike Performance - AIR MAX TAILWIND 6 - Scarpe da running ammortizzate - nero","€ 120,00"
"http://i2.ztat.net/catalog/AD/54/1A/0K/LA/11/AD541A0KL-A11@14.jpg","adidas Performance - DURAMO 6 LEA - Scarpe da running ammortizzate - bianco","€ 70,00"
"http://i2.ztat.net/catalog/N1/24/2A/01/IG/11/N1242A01I-G11@4.1.jpg","Nike Performance - KD VI - Scarpe da basket - rosso","€ 130,00"
"http://i2.ztat.net/catalog/AD/54/2A/1B/GM/11/AD542A1BG-M11@7.jpg","adidas Performance - ROADMACE - Scarpe da running ammortizzate - verde","€ 50,00"
"http://i2.ztat.net/catalog/N1/24/1A/06/HM/11/N1241A06H-M11@3.jpg","Nike Performance - FREE 3.0 - Scarpa da corsa neutra - dark green/red white violet","€ 125,00"
"http://i2.ztat.net/catalog/N1/24/1A/09/MK/12/N1241A09M-K12@3.jpg","Nike Performance - AIR MAX 2014 - Scarpe da running ammortizzate - blu","€ 190,00"
"http://i1.ztat.net/catalog/M2/74/2A/04/ZA/11/M2742A04Z-A11@6.jpg","Mizuno - WAVE INSPIRE 9 OSAKA - Scarpe da running ammortizzate - bianco","€ 135,00"
"http://i1.ztat.net/catalog/N1/24/2A/0K/YQ/11/N1242A0KY-Q11@6.jpg","Nike Performance - AIR FUTURUN 2 - Scarpe da running ammortizzate - nero","€ 75,00"
"http://i2.ztat.net/catalog/AD/54/3A/0O/7I/11/AD543A0O7-I11@7.jpg","adidas Performance - NATWEB I - Scarpe da fitness - rosa","€ 28,00"
"http://i1.ztat.net/catalog/N1/24/1A/06/LM/12/N1241A06L-M12@4.jpg","Nike Performance - FREE 4.0 - Scarpa da corsa neutra - verde","€ 110,00"
"http://i2.ztat.net/catalog/N1/24/3A/0A/VM/11/N1243A0AV-M11@1.jpg","Nike Performance - KD VI - Sneakers basse - verde","€ 90,00"
"http://i1.ztat.net/catalog/N1/24/2A/02/OM/11/N1242A02O-M11@1.1.jpg","Nike Performance - LEBRON XI - Scarpe da basket - verde","€ 180,00"
"http://i1.ztat.net/catalog/N1/24/1A/09/MK/11/N1241A09M-K11@6.jpg","Nike Performance - AIR MAX 2014 - Scarpe da running ammortizzate - blu","€ 190,00"
"http://i1.ztat.net/catalog/AS/14/1A/05/68/02/AS141A056-802@1.1.jpg","ASICS - GEL-NOOSA TRI 8 - Scarpe da corsa leggere - rosa","€ 140,00"
"http://i1.ztat.net/catalog/N1/24/2A/0J/WC/12/N1242A0JW-C12@7.1.jpg","Nike Performance - AIR MAX BODY U - Scarpe da basket - blu","€ 90,00"
"http://i2.ztat.net/catalog/N1/24/2A/0K/YE/11/N1242A0KY-E11@7.jpg","Nike Performance - AIR FUTURUN 2 - Scarpe da running ammortizzate - giallo","€ 75,00"
"http://i1.ztat.net/catalog/N1/24/1A/07/MC/11/N1241A07M-C11@7.1.jpg","Nike Performance - AIR PEGASUS+30 - Scarpe da running ammortizzate - grigio","€ 110,00"
"http://i1.ztat.net/catalog/M2/74/2A/01/OK/11/M2742A01O-K11@1.1.jpg","Mizuno - WAVE ENIGMA - Scarpe da running ammortizzate - blu","€ 165,00"
"http://i2.ztat.net/catalog/AD/54/3A/0I/XA/11/AD543A0IX-A11@7.jpg","adidas Performance - HYPERFAST - Scarpe da running ammortizzate - bianco","€ 38,00"
"http://i2.ztat.net/catalog/AS/14/1A/04/GA/11/AS141A04G-A11@7.jpg","ASICS - GEL-ROCKET 6 - Scarpe da pallavolo - bianco","€ 60,00"
"http://i2.ztat.net/catalog/N1/24/3A/02/NL/11/N1243A02N-L11@7.jpg","Nike Performance - FLEX EXPERIENCE - Scarpe da corsa leggere - blu","€ 50,00"
"http://i1.ztat.net/catalog/AS/14/2A/07/8C/11/AS142A078-C11@6.jpg","ASICS - GEL-ZARACA 2 - Scarpe da running ammortizzate - nero","€ 85,00"
"http://i1.ztat.net/catalog/AS/14/1A/06/VK/11/AS141A06V-K11@5.1.jpg","ASICS - GEL-PURSUIT - Scarpe da running ammortizzate - blu","€ 70,00"
"http://i2.ztat.net/catalog/N1/24/3A/0A/LE/11/N1243A0AL-E11@7.jpg","Nike Performance - FLEX EXPERIENCE - Scarpe da running ammortizzate - giallo","€ 35,00"
"http://i1.ztat.net/catalog/AD/54/3A/0O/QA/11/AD543A0OQ-A11@6.jpg","adidas Performance - JANBS I - Scarpe da fitness - bianco","€ 30,00"
"http://i1.ztat.net/catalog/AS/14/2A/06/NK/11/AS142A06N-K11@5.1.jpg","ASICS - GEL-NIMBUS 15 - Scarpe da running ammortizzate - blu","€ 175,00"
"http://i1.ztat.net/catalog/N1/24/1A/07/MA/11/N1241A07M-A11@4.jpg","Nike Performance - AIR PEGASUS +30 - Scarpe da running ammortizzate - bianco","€ 110,00"
"http://i2.ztat.net/catalog/N1/24/2A/0F/FM/11/N1242A0FF-M11@7.jpg","Nike Performance - NIKE FREE 4.0 V3 - Scarpe da corsa leggere - blu","€ 110,00"
"http://i1.ztat.net/catalog/N1/24/1A/07/MM/11/N1241A07M-M11@7.1.jpg","Nike Performance - AIR PEGASUS+30 - Scarpe da running ammortizzate - verde","€ 110,00"
"http://i2.ztat.net/catalog/N1/24/2A/02/IG/11/N1242A02I-G11@2.1.jpg","Nike Performance - ZOOM HYPERFUSE 2013 - Scarpe da basket - rosso","€ 110,00"
"http://i2.ztat.net/catalog/AD/54/2A/1B/PA/11/AD542A1BP-A11@4.1.jpg","adidas Performance - VANQUISH 6 - Scarpe da running ammortizzate - bianco","€ 50,00"
"http://i2.ztat.net/catalog/N1/24/1A/07/MC/12/N1241A07M-C12@3.jpg","Nike Performance - AIR PEGASUS+ 30 - Scarpe da running ammortizzate - grigio","€ 110,00"
"http://i2.ztat.net/catalog/N1/24/2A/0F/JM/12/N1242A0FJ-M12@7.jpg","Nike Performance - FREE 3.0 V5 - Scarpe da corsa leggere - verde","€ 125,00"
"http://i1.ztat.net/catalog/AS/14/1A/06/VA/11/AS141A06V-A11@6.jpg","ASICS - GEL-PURSUIT - Scarpe da running ammortizzate - bianco","€ 70,00"
"http://i2.ztat.net/catalog/N1/24/1A/07/QH/11/N1241A07Q-H11@2.1.jpg","Nike Performance - DUAL FUSION LITE - Scarpe da running ammortizzate - arancione","€ 75,00"
"http://i1.ztat.net/catalog/N1/24/1A/09/OC/11/N1241A09O-C11@2.jpg","Nike Performance - NIKE AIR FUTURUN 2 - Scarpe da running ammortizzate - grigio","€ 75,00"
"http://i2.ztat.net/catalog/AS/14/1A/06/7J/11/AS141A067-J11@4.1.jpg","ASICS - GEL-CUMULUS 15 - Scarpe da running ammortizzate - rosa","€ 135,00"
"http://i1.ztat.net/catalog/RE/54/1A/04/IA/11/RE541A04I-A11@1.1.jpg","Reebok - CARTHAGE 3.0 - Scarpe da running ammortizzate - bianco","€ 50,00"
"http://i2.ztat.net/catalog/N1/24/1A/09/MQ/11/N1241A09M-Q11@7.jpg","Nike Performance - AIR MAX 2014 - Scarpe da running ammortizzate - nero","€ 190,00"
"http://i1.ztat.net/catalog/N1/24/2A/02/IA/11/N1242A02I-A11@5.1.jpg","Nike Performance - ZOOM HYPERFUSE 2013 - Scarpe da basket - bianco","€ 110,00"
"http://i1.ztat.net/catalog/N1/24/3A/05/IQ/12/N1243A05I-Q12@2.jpg","Nike Performance - DUAL FUSION BB 2 - Scarpe da basket - nero","€ 65,00"
"http://i2.ztat.net/catalog/N1/24/1A/06/HA/11/N1241A06H-A11@7.jpg","Nike Performance - NIKE FREE 3.0 V5 - Scarpe da corsa leggere - bianco","€ 125,00"
"http://i1.ztat.net/catalog/PU/14/2A/07/IA/11/PU142A07I-A11@1.1.jpg","Puma - Scarpe da running ammortizzate - bianco","€ 50,00"
"http://i2.ztat.net/catalog/N1/24/2A/07/OC/14/N1242A07O-C14@7.jpg","Nike Performance - FLEX 2013 RN - Scarpe da corsa leggere - grigio","€ 85,00"
"http://i1.ztat.net/catalog/N1/24/2A/0H/CQ/11/N1242A0HC-Q11@1.1.jpg","Nike Performance - AIR PEGASUS+ 30 - Scarpe da running ammortizzate - nero","€ 110,00"
"http://i2.ztat.net/catalog/N1/24/2A/03/IA/12/N1242A03I-A12@3.jpg","Nike Performance - DUAL FUSION BB II - Scarpe da basket - bianco","€ 75,00"
"http://i1.ztat.net/catalog/AS/14/1A/04/GJ/11/AS141A04G-J11@1.7.jpg","ASICS - GEL-ROCKET 6 - Scarpe da pallavolo - rosa","€ 65,00"
"http://i1.ztat.net/catalog/AS/14/2A/07/M5/02/AS142A07M-502@1.1.jpg","ASICS - GEL-SQUAD - Scarpe da pallamano - blu","€ 80,00"
"http://i2.ztat.net/catalog/N1/24/2A/02/OH/11/N1242A02O-H11@5.jpg","Nike Performance - LEBRON XI - Scarpe da basket - arancione","€ 180,00"
"http://i2.ztat.net/catalog/N1/24/2A/0J/WC/13/N1242A0JW-C13@1.jpg","Nike Performance - AIR MAX BODY U - Scarpe da basket - grigio","€ 90,00"
"http://i2.ztat.net/catalog/N1/24/1A/07/MJ/12/N1241A07M-J12@1.jpg","Nike Performance - AIR PEGASUS+ 30 - Scarpe da running ammortizzate - rosa","€ 110,00"
"http://i2.ztat.net/catalog/N1/24/3A/0A/KL/11/N1243A0AK-L11@7.jpg","Nike Performance - FLEX EXPERIENCE - Scarpe da running ammortizzate - blu","€ 40,00"
"http://i2.ztat.net/catalog/N1/24/3A/09/AL/11/N1243A09A-L11@7.jpg","Nike Performance - FREE 5.0 - Scarpe da corsa leggere - turchese","€ 60,00"
